date,retweet_count,favorite_count,tweets_published,month,year
2012-10-03,5,8,6,OCT,2012
2012-10-04,1,3,5,OCT,2012
2012-10-05,0,0,1,OCT,2012
2012-10-06,3,16,16,OCT,2012
2012-10-07,4,4,4,OCT,2012
2012-10-08,0,2,3,OCT,2012
2012-10-09,7,24,12,OCT,2012
2012-10-10,4,4,4,OCT,2012
2012-10-11,1,6,4,OCT,2012
2012-10-12,21,5,3,OCT,2012
2012-10-13,18,15,5,OCT,2012
2012-10-14,12,9,4,OCT,2012
2012-10-15,18,10,3,OCT,2012
2012-10-16,17,13,4,OCT,2012
2012-10-17,42,32,4,OCT,2012
2012-10-18,24,18,3,OCT,2012
2012-10-19,26,20,3,OCT,2012
2012-10-20,22,21,3,OCT,2012
2012-10-21,26,49,9,OCT,2012
2012-10-22,16,19,3,OCT,2012
2012-10-23,36,45,6,OCT,2012
2012-10-24,28,25,4,OCT,2012
2012-10-25,15,14,4,OCT,2012
2012-10-27,15,11,3,OCT,2012
2012-10-28,33,21,4,OCT,2012
2012-10-29,16,4,1,OCT,2012
2012-10-30,30,12,3,OCT,2012
2012-10-31,55,37,6,OCT,2012
2012-11-01,52,31,5,NOV,2012
2012-11-02,31,31,5,NOV,2012
2012-11-03,5,9,1,NOV,2012
2012-11-04,72,77,6,NOV,2012
2012-11-05,25,31,4,NOV,2012
2012-11-06,21,24,3,NOV,2012
2012-11-07,27,16,7,NOV,2012
2012-11-08,21,25,4,NOV,2012
2012-11-09,39,28,4,NOV,2012
2012-11-10,34,28,3,NOV,2012
2012-11-11,25,16,3,NOV,2012
2012-11-12,27,27,16,NOV,2012
2012-11-13,16,14,4,NOV,2012
2012-11-14,21,16,2,NOV,2012
2012-11-15,19,8,2,NOV,2012
2012-11-16,42,41,3,NOV,2012
2012-11-17,35,28,4,NOV,2012
2012-11-18,17,10,2,NOV,2012
2012-11-19,14,13,1,NOV,2012
2012-11-20,30,20,3,NOV,2012
2012-11-21,13,13,2,NOV,2012
2012-11-22,21,12,2,NOV,2012
2012-11-23,20,12,2,NOV,2012
2012-11-24,36,21,2,NOV,2012
2012-11-25,20,13,3,NOV,2012
2012-11-26,28,9,3,NOV,2012
2012-11-27,21,16,3,NOV,2012
2012-11-28,40,29,4,NOV,2012
2012-11-29,10,2,1,NOV,2012
2012-11-30,16,8,2,NOV,2012
2012-12-01,67,30,3,DEC,2012
2012-12-02,168,206,7,DEC,2012
2012-12-03,170,223,16,DEC,2012
2012-12-04,363,349,13,DEC,2012
2012-12-05,84,64,9,DEC,2012
2012-12-06,115,112,5,DEC,2012
2012-12-07,113,104,5,DEC,2012
2012-12-08,23,13,3,DEC,2012
2012-12-09,25,13,1,DEC,2012
2012-12-10,48,29,2,DEC,2012
2012-12-11,26,12,1,DEC,2012
2012-12-12,48,31,5,DEC,2012
2012-12-13,39,28,2,DEC,2012
2012-12-14,189,127,8,DEC,2012
2012-12-15,30,18,2,DEC,2012
2012-12-16,31,21,1,DEC,2012
2012-12-17,139,176,8,DEC,2012
2012-12-18,67,50,3,DEC,2012
2012-12-19,57,38,3,DEC,2012
2012-12-20,280,135,4,DEC,2012
2012-12-21,913,323,3,DEC,2012
2012-12-22,24,20,1,DEC,2012
2012-12-23,294,424,4,DEC,2012
2012-12-24,43,22,1,DEC,2012
2012-12-25,63,43,2,DEC,2012
2012-12-26,32,28,3,DEC,2012
2012-12-27,21,12,1,DEC,2012
2012-12-28,68,42,8,DEC,2012
2012-12-29,18,12,1,DEC,2012
2012-12-30,20,13,1,DEC,2012
2012-12-31,173,72,3,DEC,2012
2013-01-01,25,30,2,JAN,2013
2013-01-02,18,15,1,JAN,2013
2013-01-03,15,14,1,JAN,2013
2013-01-04,21,19,1,JAN,2013
2013-01-05,20,15,1,JAN,2013
2013-01-06,29,27,1,JAN,2013
2013-01-07,29,25,1,JAN,2013
2013-01-09,124,95,3,JAN,2013
2013-01-10,219,150,4,JAN,2013
2013-01-11,54,63,2,JAN,2013
2013-01-12,21,18,1,JAN,2013
2013-01-13,14,17,1,JAN,2013
2013-01-14,37,25,2,JAN,2013
2013-01-15,9,11,1,JAN,2013
2013-01-16,13,7,1,JAN,2013
2013-01-17,17,13,1,JAN,2013
2013-01-18,23,16,1,JAN,2013
2013-01-19,18,13,1,JAN,2013
2013-01-20,160,168,3,JAN,2013
2013-01-21,1295,1022,10,JAN,2013
2013-01-22,1155,950,9,JAN,2013
2013-01-23,795,531,4,JAN,2013
2013-01-24,165,132,2,JAN,2013
2013-01-25,12,14,1,JAN,2013
2013-01-27,22,17,1,JAN,2013
2013-01-28,10,14,1,JAN,2013
2013-01-29,17,13,1,JAN,2013
2013-01-30,114,94,2,JAN,2013
2013-01-31,12,11,1,JAN,2013
2013-02-01,20,23,1,FEB,2013
2013-02-02,31,30,2,FEB,2013
2013-02-03,9,21,1,FEB,2013
2013-02-05,16,21,1,FEB,2013
2013-02-06,15,12,1,FEB,2013
2013-02-07,17,21,1,FEB,2013
2013-02-09,16,18,1,FEB,2013
2013-02-10,18,13,1,FEB,2013
2013-02-11,9,15,1,FEB,2013
2013-02-13,18,14,1,FEB,2013
2013-02-14,25,26,1,FEB,2013
2013-02-15,275,151,1,FEB,2013
2013-02-16,12,16,1,FEB,2013
2013-02-18,18,16,1,FEB,2013
2013-02-19,14,16,1,FEB,2013
2013-02-20,10,15,1,FEB,2013
2013-02-21,218,179,2,FEB,2013
2013-02-22,13,20,1,FEB,2013
2013-02-23,310,249,2,FEB,2013
2013-02-25,23,18,1,FEB,2013
2013-02-27,168,188,2,FEB,2013
2013-03-01,15,17,1,MAR,2013
2013-03-02,295,220,2,MAR,2013
2013-03-03,17,15,1,MAR,2013
2013-03-04,60,57,1,MAR,2013
2013-03-05,13,17,1,MAR,2013
2013-03-06,20,20,1,MAR,2013
2013-03-07,440,425,3,MAR,2013
2013-03-08,196,223,11,MAR,2013
2013-03-09,409,464,8,MAR,2013
2013-03-10,2,4,1,MAR,2013
2013-03-11,106,99,2,MAR,2013
2013-03-12,73,130,1,MAR,2013
2013-03-13,40,21,1,MAR,2013
2013-03-15,33,41,2,MAR,2013
2013-03-16,16,25,1,MAR,2013
2013-03-17,304,158,1,MAR,2013
2013-03-19,19,20,1,MAR,2013
2013-03-20,17,6,1,MAR,2013
2013-03-21,116,74,3,MAR,2013
2013-03-22,327,296,4,MAR,2013
2013-03-23,21,15,1,MAR,2013
2013-03-25,18,21,1,MAR,2013
2013-03-26,456,585,4,MAR,2013
2013-03-27,9,11,1,MAR,2013
2013-03-29,86,71,1,MAR,2013
2013-03-30,341,327,3,MAR,2013
2013-04-01,37,23,1,APR,2013
2013-04-02,367,445,4,APR,2013
2013-04-04,1716,1129,4,APR,2013
2013-04-06,23,24,1,APR,2013
2013-04-07,157,148,1,APR,2013
2013-04-09,26,25,1,APR,2013
2013-04-11,307,283,3,APR,2013
2013-04-14,160,184,3,APR,2013
2013-04-17,520,364,2,APR,2013
2013-04-19,179,218,2,APR,2013
2013-04-24,270,256,2,APR,2013
2013-04-25,288,276,2,APR,2013
2013-04-29,35,31,1,APR,2013
2013-05-02,247,154,3,MAY,2013
2013-05-03,186,184,3,MAY,2013
2013-05-09,26,23,1,MAY,2013
2013-05-12,128,166,2,MAY,2013
2013-05-15,235,160,5,MAY,2013
2013-05-16,105,122,1,MAY,2013
2013-05-20,477,320,2,MAY,2013
2013-05-21,532,392,3,MAY,2013
2013-05-23,21,20,1,MAY,2013
2013-05-25,287,234,1,MAY,2013
2013-05-26,23,21,1,MAY,2013
2013-05-29,202,203,3,MAY,2013
2013-06-03,33,19,1,JUN,2013
2013-06-06,242,170,2,JUN,2013
2013-06-08,391,386,4,JUN,2013
2013-06-14,166,157,3,JUN,2013
2013-06-18,988,758,5,JUN,2013
2013-06-20,338,280,2,JUN,2013
2013-06-22,166,131,2,JUN,2013
2013-06-27,11,14,1,JUN,2013
2013-06-29,180,143,1,JUN,2013
2013-07-01,100,121,2,JUL,2013
2013-07-02,36,28,1,JUL,2013
2013-07-04,1607,901,1,JUL,2013
2013-07-05,87,117,2,JUL,2013
2013-07-07,338,210,1,JUL,2013
2013-07-10,162,243,4,JUL,2013
2013-07-14,40,33,2,JUL,2013
2013-07-15,120,199,4,JUL,2013
2013-07-18,20,19,1,JUL,2013
2013-07-23,107,131,4,JUL,2013
2013-07-24,46,63,2,JUL,2013
2013-07-27,7,15,2,JUL,2013
2013-07-28,104,122,4,JUL,2013
2013-07-29,43,24,2,JUL,2013
2013-07-31,207,154,6,JUL,2013
2013-08-01,120,141,2,AUG,2013
2013-08-03,59,94,5,AUG,2013
2013-08-04,319,266,2,AUG,2013
2013-08-05,382,341,8,AUG,2013
2013-08-07,29,26,2,AUG,2013
2013-08-08,540,449,7,AUG,2013
2013-08-09,258,255,3,AUG,2013
2013-08-12,466,393,4,AUG,2013
2013-08-13,575,429,7,AUG,2013
2013-08-14,74,106,2,AUG,2013
2013-08-15,199,248,7,AUG,2013
2013-08-16,221,173,2,AUG,2013
2013-08-18,325,369,7,AUG,2013
2013-08-19,174,305,5,AUG,2013
2013-08-20,137,116,2,AUG,2013
2013-08-22,106,111,2,AUG,2013
2013-08-23,56,65,3,AUG,2013
2013-08-24,131,129,1,AUG,2013
2013-08-26,40,38,2,AUG,2013
2013-08-27,29,21,1,AUG,2013
2013-08-28,407,516,11,AUG,2013
2013-08-29,498,603,3,AUG,2013
2013-09-04,21,19,1,SEP,2013
2013-09-05,13,19,1,SEP,2013
2013-09-06,276,304,1,SEP,2013
2013-09-07,199,215,6,SEP,2013
2013-09-09,77,74,2,SEP,2013
2013-09-10,43,52,3,SEP,2013
2013-09-11,28,28,1,SEP,2013
2013-09-12,10,10,1,SEP,2013
2013-09-13,198,176,3,SEP,2013
2013-09-14,15,13,1,SEP,2013
2013-09-16,220,257,3,SEP,2013
2013-09-17,128,121,4,SEP,2013
2013-09-18,81,155,4,SEP,2013
2013-09-19,74,104,3,SEP,2013
2013-09-20,18,24,2,SEP,2013
2013-09-21,6,6,1,SEP,2013
2013-09-23,120,158,7,SEP,2013
2013-09-25,158,219,4,SEP,2013
2013-09-26,98,146,3,SEP,2013
2013-09-27,7,19,1,SEP,2013
2013-09-28,220,187,1,SEP,2013
2013-10-01,18,16,1,OCT,2013
2013-10-03,18,18,1,OCT,2013
2013-10-09,151,202,2,OCT,2013
2013-10-11,8,17,1,OCT,2013
2013-10-14,78,46,2,OCT,2013
2013-10-15,23,26,2,OCT,2013
2013-10-16,52,96,1,OCT,2013
2013-10-17,117,201,2,OCT,2013
2013-10-19,189,188,1,OCT,2013
2013-10-23,156,189,3,OCT,2013
2013-10-26,27,37,2,OCT,2013
2013-10-29,12,11,1,OCT,2013
2013-10-30,9,14,1,OCT,2013
2013-10-31,186,222,1,OCT,2013
2013-11-01,12,11,1,NOV,2013
2013-11-05,3824,4903,4,NOV,2013
2013-11-06,228,267,4,NOV,2013
2013-11-07,377,577,5,NOV,2013
2013-11-11,26,43,1,NOV,2013
2013-11-12,331,470,4,NOV,2013
2013-11-13,520,807,5,NOV,2013
2013-11-14,703,1200,4,NOV,2013
2013-11-15,214,212,1,NOV,2013
2013-11-16,441,365,1,NOV,2013
2013-11-18,55,83,3,NOV,2013
2013-11-19,106,152,2,NOV,2013
2013-11-20,9,20,1,NOV,2013
2013-11-21,172,282,2,NOV,2013
2013-11-25,13,23,1,NOV,2013
2013-11-26,161,240,3,NOV,2013
2013-11-28,413,594,6,NOV,2013
2013-11-29,277,250,2,NOV,2013
2013-12-01,13,17,1,DEC,2013
2013-12-02,17,27,2,DEC,2013
2013-12-03,21,39,2,DEC,2013
2013-12-04,16,14,2,DEC,2013
2013-12-05,5,34,3,DEC,2013
2013-12-06,243,418,20,DEC,2013
2013-12-07,51,96,3,DEC,2013
2013-12-08,195,410,7,DEC,2013
2013-12-09,328,539,8,DEC,2013
2013-12-10,358,736,15,DEC,2013
2013-12-11,875,1125,11,DEC,2013
2013-12-12,389,557,10,DEC,2013
2013-12-13,157,327,3,DEC,2013
2013-12-14,0,1,3,DEC,2013
2013-12-15,192,339,3,DEC,2013
2013-12-16,73,142,1,DEC,2013
2013-12-17,16,30,2,DEC,2013
2013-12-18,155,284,3,DEC,2013
2013-12-19,37,67,3,DEC,2013
2013-12-20,45,72,7,DEC,2013
2013-12-21,16,28,1,DEC,2013
2013-12-22,159,228,5,DEC,2013
2013-12-23,114,98,1,DEC,2013
2013-12-24,266,341,1,DEC,2013
2013-12-25,67,79,1,DEC,2013
2013-12-27,12,115,2,DEC,2013
2013-12-31,359,377,1,DEC,2013
2014-01-04,78,123,1,JAN,2014
2014-01-08,333,549,4,JAN,2014
2014-01-09,131,285,3,JAN,2014
2014-01-11,156,180,4,JAN,2014
2014-01-12,311,509,1,JAN,2014
2014-01-15,11,25,1,JAN,2014
2014-01-16,101,253,3,JAN,2014
2014-01-22,40,44,3,JAN,2014
2014-01-23,112,182,2,JAN,2014
2014-01-24,27,40,3,JAN,2014
2014-01-25,32,56,2,JAN,2014
2014-01-26,145,524,1,JAN,2014
2014-01-28,358,265,3,JAN,2014
2014-01-29,13,19,1,JAN,2014
2014-01-30,572,392,1,JAN,2014
2014-02-02,629,623,6,FEB,2014
2014-02-05,14,31,1,FEB,2014
2014-02-06,165,277,3,FEB,2014
2014-02-09,188,271,2,FEB,2014
2014-02-14,68,90,3,FEB,2014
2014-02-17,499,708,3,FEB,2014
2014-02-18,105,217,2,FEB,2014
2014-02-19,261,418,1,FEB,2014
2014-02-20,210,379,1,FEB,2014
2014-02-21,164,367,2,FEB,2014
2014-02-25,8,31,1,FEB,2014
2014-02-27,164,211,1,FEB,2014
2014-02-28,196,245,2,FEB,2014
2014-03-02,2820,1901,2,MAR,2014
2014-03-06,99,185,1,MAR,2014
2014-03-07,984,1654,15,MAR,2014
2014-03-08,621,1037,21,MAR,2014
2014-03-09,169,289,5,MAR,2014
2014-03-10,1558,1793,34,MAR,2014
2014-03-11,66,117,2,MAR,2014
2014-03-12,389,543,2,MAR,2014
2014-03-13,6,9,3,MAR,2014
2014-03-14,85,200,3,MAR,2014
2014-03-17,70,54,1,MAR,2014
2014-03-18,116,245,1,MAR,2014
2014-03-19,69,151,1,MAR,2014
2014-03-20,752,823,4,MAR,2014
2014-03-21,11,16,3,MAR,2014
2014-03-23,65,189,1,MAR,2014
2014-03-24,450,770,3,MAR,2014
2014-03-26,423,615,3,MAR,2014
2014-03-27,188,500,2,MAR,2014
2014-03-29,29,126,1,MAR,2014
2014-04-03,1190,1660,4,APR,2014
2014-04-04,671,1595,12,APR,2014
2014-04-05,237,550,3,APR,2014
2014-04-06,1519,1417,1,APR,2014
2014-04-08,98,397,1,APR,2014
2014-04-10,258,652,1,APR,2014
2014-04-11,259,532,2,APR,2014
2014-04-13,3221,4709,2,APR,2014
2014-04-14,99,362,1,APR,2014
2014-04-16,156,366,2,APR,2014
2014-04-17,464,1583,2,APR,2014
2014-04-20,301,668,2,APR,2014
2014-04-22,41,147,1,APR,2014
2014-04-23,2039,4523,6,APR,2014
2014-04-24,1714,4112,3,APR,2014
2014-04-25,222,731,2,APR,2014
2014-04-27,18,74,1,APR,2014
2014-04-29,463,1184,6,APR,2014
2014-04-30,162,467,2,APR,2014
2014-05-01,1738,2985,6,MAY,2014
2014-05-02,435,914,2,MAY,2014
2014-05-03,390,706,3,MAY,2014
2014-05-08,521,2051,2,MAY,2014
2014-05-09,19,66,1,MAY,2014
2014-05-14,18,63,1,MAY,2014
2014-05-15,60,89,1,MAY,2014
2014-05-16,11,51,1,MAY,2014
2014-05-17,62,249,1,MAY,2014
2014-05-19,23,50,1,MAY,2014
2014-05-21,39,72,2,MAY,2014
2014-05-22,80,201,3,MAY,2014
2014-05-23,41,94,1,MAY,2014
2014-05-24,16,43,1,MAY,2014
2014-05-27,12,52,1,MAY,2014
2014-05-30,172,320,2,MAY,2014
2014-05-31,32,85,2,MAY,2014
2014-06-03,2,7,2,JUN,2014
2014-06-04,25,86,2,JUN,2014
2014-06-05,136,330,4,JUN,2014
2014-06-06,85,191,1,JUN,2014
2014-06-07,41,101,1,JUN,2014
2014-06-08,47,158,1,JUN,2014
2014-06-09,10,29,1,JUN,2014
2014-06-11,359,692,7,JUN,2014
2014-06-12,2,4,1,JUN,2014
2014-06-18,46,129,2,JUN,2014
2014-06-19,21,54,1,JUN,2014
2014-06-20,87,151,1,JUN,2014
2014-06-25,35,71,1,JUN,2014
2014-06-28,74,200,1,JUN,2014
2014-06-30,153,289,3,JUN,2014
2014-07-03,14,39,1,JUL,2014
2014-07-04,326,519,3,JUL,2014
2014-07-08,319,824,3,JUL,2014
2014-07-09,80,234,2,JUL,2014
2014-07-10,103,283,3,JUL,2014
2014-07-11,46,124,1,JUL,2014
2014-07-14,68,134,1,JUL,2014
2014-07-15,57,120,1,JUL,2014
2014-07-16,343,841,6,JUL,2014
2014-07-17,1459,3699,1,JUL,2014
2014-07-18,1587,3671,13,JUL,2014
2014-07-19,515,1284,7,JUL,2014
2014-07-20,141,467,7,JUL,2014
2014-07-21,57,173,1,JUL,2014
2014-07-23,17,57,1,JUL,2014
2014-07-24,65,153,3,JUL,2014
2014-07-25,9,35,5,JUL,2014
2014-07-27,98,303,2,JUL,2014
2014-07-28,498,1014,5,JUL,2014
2014-07-29,479,1061,2,JUL,2014
2014-07-30,82,170,1,JUL,2014
2014-08-01,196,525,5,AUG,2014
2014-08-02,48,77,1,AUG,2014
2014-08-04,46,109,3,AUG,2014
2014-08-05,86,183,1,AUG,2014
2014-08-06,152,317,5,AUG,2014
2014-08-07,144,302,5,AUG,2014
2014-08-12,318,755,47,AUG,2014
2014-08-13,33,95,1,AUG,2014
2014-08-14,79,158,1,AUG,2014
2014-08-16,154,363,2,AUG,2014
2014-08-20,41,160,1,AUG,2014
2014-08-21,87,331,1,AUG,2014
2014-08-26,370,851,2,AUG,2014
2014-08-28,215,512,2,AUG,2014
2014-08-29,126,317,2,AUG,2014
2014-09-01,48,83,1,SEP,2014
2014-09-03,9,41,1,SEP,2014
2014-09-04,167,432,2,SEP,2014
2014-09-06,17,39,1,SEP,2014
2014-09-08,23,80,2,SEP,2014
2014-09-09,16,47,1,SEP,2014
2014-09-11,26,63,1,SEP,2014
2014-09-12,247,438,1,SEP,2014
2014-09-13,26,53,1,SEP,2014
2014-09-17,379,731,3,SEP,2014
2014-09-19,74,135,1,SEP,2014
2014-09-23,15,39,1,SEP,2014
2014-09-25,38,105,1,SEP,2014
2014-09-29,27,71,1,SEP,2014
2014-10-02,32,64,1,OCT,2014
2014-10-04,142,287,1,OCT,2014
2014-10-06,72,171,1,OCT,2014
2014-10-07,43,102,1,OCT,2014
2014-10-08,59,105,2,OCT,2014
2014-10-09,221,510,2,OCT,2014
2014-10-12,53,114,2,OCT,2014
2014-10-13,119,265,1,OCT,2014
2014-10-14,185,371,1,OCT,2014
2014-10-15,41,85,1,OCT,2014
2014-10-16,272,625,3,OCT,2014
2014-10-17,184,363,2,OCT,2014
2014-10-21,92,145,1,OCT,2014
2014-10-24,42,97,1,OCT,2014
2014-10-25,131,311,2,OCT,2014
2014-10-26,7,30,1,OCT,2014
2014-10-28,130,320,1,OCT,2014
2014-10-29,175,307,2,OCT,2014
2014-10-31,1,3,3,OCT,2014
2014-11-01,61,83,1,NOV,2014
2014-11-02,100,248,1,NOV,2014
2014-11-04,76,172,1,NOV,2014
2014-11-05,136,291,3,NOV,2014
2014-11-06,488,1081,4,NOV,2014
2014-11-07,28,124,1,NOV,2014
2014-11-08,43,85,1,NOV,2014
2014-11-10,27,57,1,NOV,2014
2014-11-11,32,73,1,NOV,2014
2014-11-12,202,369,7,NOV,2014
2014-11-14,78,183,2,NOV,2014
2014-11-15,93,160,1,NOV,2014
2014-11-17,1819,2563,5,NOV,2014
2014-11-18,1712,3480,8,NOV,2014
2014-11-19,113,176,1,NOV,2014
2014-11-20,101,249,2,NOV,2014
2014-11-21,69,187,2,NOV,2014
2014-11-22,72,121,1,NOV,2014
2014-11-23,96,227,2,NOV,2014
2014-11-24,102,161,3,NOV,2014
2014-11-25,111,191,1,NOV,2014
2014-11-26,254,504,4,NOV,2014
2014-11-27,162,293,2,NOV,2014
2014-11-28,129,228,2,NOV,2014
2014-11-29,1373,2628,15,NOV,2014
2014-11-30,255,565,5,NOV,2014
2014-12-01,43,98,1,DEC,2014
2014-12-02,0,7,2,DEC,2014
2014-12-03,150,310,3,DEC,2014
2014-12-04,92,218,4,DEC,2014
2014-12-05,380,842,7,DEC,2014
2014-12-06,480,1104,6,DEC,2014
2014-12-07,419,797,2,DEC,2014
2014-12-10,196,308,1,DEC,2014
2014-12-11,160,367,1,DEC,2014
2014-12-12,76,151,1,DEC,2014
2014-12-13,151,448,2,DEC,2014
2014-12-15,83,183,1,DEC,2014
2014-12-16,306,699,4,DEC,2014
2014-12-17,204,554,4,DEC,2014
2014-12-18,194,459,5,DEC,2014
2014-12-19,186,504,6,DEC,2014
2014-12-22,192,357,4,DEC,2014
2014-12-25,226,420,4,DEC,2014
2014-12-26,0,1,1,DEC,2014
2014-12-31,372,620,1,DEC,2014
2015-01-01,781,964,1,JAN,2015
2015-01-03,84,193,3,JAN,2015
2015-01-05,0,6,1,JAN,2015
2015-01-07,98,284,1,JAN,2015
2015-01-09,47,84,1,JAN,2015
2015-01-10,215,418,1,JAN,2015
2015-01-12,28,99,1,JAN,2015
2015-01-14,321,575,2,JAN,2015
2015-01-15,33,78,1,JAN,2015
2015-01-19,24,55,1,JAN,2015
2015-01-20,205,566,2,JAN,2015
2015-01-21,48,119,3,JAN,2015
2015-01-22,115,265,4,JAN,2015
2015-01-23,339,792,2,JAN,2015
2015-01-24,142,478,4,JAN,2015
2015-01-27,21,50,1,JAN,2015
2015-01-28,262,581,4,JAN,2015
2015-01-29,259,663,2,JAN,2015
2015-01-30,364,703,3,JAN,2015
2015-02-01,214,366,1,FEB,2015
2015-02-05,252,606,1,FEB,2015
2015-02-06,173,432,1,FEB,2015
2015-02-08,1,4,1,FEB,2015
2015-02-09,139,381,1,FEB,2015
2015-02-10,206,423,2,FEB,2015
2015-02-11,93,286,1,FEB,2015
2015-02-13,56,140,1,FEB,2015
2015-02-14,1239,1874,7,FEB,2015
2015-02-15,90,332,1,FEB,2015
2015-02-16,538,691,3,FEB,2015
2015-02-17,99,309,1,FEB,2015
2015-02-18,81,209,1,FEB,2015
2015-02-20,217,456,1,FEB,2015
2015-02-22,164,354,2,FEB,2015
2015-02-24,78,162,1,FEB,2015
2015-02-25,340,613,2,FEB,2015
2015-02-26,1258,1850,5,FEB,2015
2015-02-27,327,491,3,FEB,2015
2015-02-28,81,233,1,FEB,2015
2015-03-02,108,345,1,MAR,2015
2015-03-05,206,433,1,MAR,2015
2015-03-11,199,506,2,MAR,2015
2015-03-12,183,424,1,MAR,2015
2015-03-13,132,314,6,MAR,2015
2015-03-14,639,1020,9,MAR,2015
2015-03-15,350,956,6,MAR,2015
2015-03-16,373,737,2,MAR,2015
2015-03-17,409,533,1,MAR,2015
2015-03-19,219,464,1,MAR,2015
2015-03-22,49,115,1,MAR,2015
2015-03-25,92,329,2,MAR,2015
2015-03-28,1120,3192,9,MAR,2015
2015-03-30,268,579,1,MAR,2015
2015-04-01,115,275,1,APR,2015
2015-04-04,826,1855,3,APR,2015
2015-04-05,102,297,2,APR,2015
2015-04-09,352,878,2,APR,2015
2015-04-10,281,627,1,APR,2015
2015-04-12,985,1872,2,APR,2015
2015-04-16,733,1142,1,APR,2015
2015-04-21,259,617,1,APR,2015
2015-04-22,106,296,1,APR,2015
2015-04-23,168,407,1,APR,2015
2015-04-24,310,739,2,APR,2015
2015-04-26,171,469,1,APR,2015
2015-04-29,220,468,1,APR,2015
2015-04-30,187,425,1,APR,2015
2015-05-01,230,462,1,MAY,2015
2015-05-02,183,471,1,MAY,2015
2015-05-05,174,452,1,MAY,2015
2015-05-06,202,478,1,MAY,2015
2015-05-07,271,580,2,MAY,2015
2015-05-08,189,429,1,MAY,2015
2015-05-09,152,516,1,MAY,2015
2015-05-10,166,317,1,MAY,2015
2015-05-11,107,365,1,MAY,2015
2015-05-12,152,439,1,MAY,2015
2015-05-13,128,362,1,MAY,2015
2015-05-14,181,415,1,MAY,2015
2015-05-15,149,372,1,MAY,2015
2015-05-16,169,422,1,MAY,2015
2015-05-17,144,435,1,MAY,2015
2015-05-18,181,453,1,MAY,2015
2015-05-19,216,533,1,MAY,2015
2015-05-20,184,539,1,MAY,2015
2015-05-21,210,454,1,MAY,2015
2015-05-22,115,337,1,MAY,2015
2015-05-23,232,622,1,MAY,2015
2015-05-24,252,556,1,MAY,2015
2015-05-25,135,427,1,MAY,2015
2015-05-26,233,592,2,MAY,2015
2015-05-27,302,733,2,MAY,2015
2015-05-28,148,383,1,MAY,2015
2015-06-01,42,126,1,JUN,2015
2015-06-02,214,518,1,JUN,2015
2015-06-05,132,364,1,JUN,2015
2015-06-06,219,555,1,JUN,2015
2015-06-07,175,449,1,JUN,2015
2015-06-08,166,434,1,JUN,2015
2015-06-11,419,708,1,JUN,2015
2015-06-12,343,820,1,JUN,2015
2015-06-16,219,586,2,JUN,2015
2015-06-17,62,241,1,JUN,2015
2015-06-18,171,477,3,JUN,2015
2015-06-22,176,518,1,JUN,2015
2015-06-23,402,1012,3,JUN,2015
2015-06-24,321,692,2,JUN,2015
2015-06-25,171,468,2,JUN,2015
2015-06-28,106,288,1,JUN,2015
2015-06-29,40,117,1,JUN,2015
2015-06-30,180,388,1,JUN,2015
2015-07-01,152,384,1,JUL,2015
2015-07-02,102,270,1,JUL,2015
2015-07-03,143,367,1,JUL,2015
2015-07-04,1125,1981,5,JUL,2015
2015-07-07,110,272,1,JUL,2015
2015-07-08,195,469,2,JUL,2015
2015-07-09,210,612,2,JUL,2015
2015-07-10,150,249,2,JUL,2015
2015-07-11,106,222,1,JUL,2015
2015-07-12,212,398,1,JUL,2015
2015-07-13,58,169,1,JUL,2015
2015-07-14,272,610,1,JUL,2015
2015-07-15,174,523,1,JUL,2015
2015-07-16,69,211,1,JUL,2015
2015-07-17,133,411,1,JUL,2015
2015-07-20,146,287,1,JUL,2015
2015-07-21,202,555,1,JUL,2015
2015-07-22,128,374,1,JUL,2015
2015-07-23,100,364,1,JUL,2015
2015-07-24,157,399,1,JUL,2015
2015-07-26,89,340,1,JUL,2015
2015-07-27,91,323,1,JUL,2015
2015-07-28,257,636,2,JUL,2015
2015-07-29,94,347,1,JUL,2015
2015-07-30,125,341,1,JUL,2015
2015-07-31,60,222,1,JUL,2015
2015-08-01,195,482,1,AUG,2015
2015-08-02,93,304,1,AUG,2015
2015-08-04,221,691,5,AUG,2015
2015-08-05,118,296,2,AUG,2015
2015-08-06,149,438,1,AUG,2015
2015-08-07,203,655,2,AUG,2015
2015-08-08,129,354,1,AUG,2015
2015-08-10,220,637,2,AUG,2015
2015-08-11,154,388,1,AUG,2015
2015-08-12,208,482,1,AUG,2015
2015-08-13,392,1210,9,AUG,2015
2015-08-14,152,413,1,AUG,2015
2015-08-18,116,310,1,AUG,2015
2015-08-19,144,369,1,AUG,2015
2015-08-20,369,1104,9,AUG,2015
2015-08-21,142,394,1,AUG,2015
2015-08-23,202,552,2,AUG,2015
2015-08-24,103,244,2,AUG,2015
2015-08-26,315,651,2,AUG,2015
2015-08-27,236,586,2,AUG,2015
2015-08-28,89,280,1,AUG,2015
2015-08-29,29,86,1,AUG,2015
2015-08-31,220,646,2,AUG,2015
2015-09-01,151,551,1,SEP,2015
2015-09-02,163,414,1,SEP,2015
2015-09-03,124,376,1,SEP,2015
2015-09-04,278,713,2,SEP,2015
2015-09-06,129,301,1,SEP,2015
2015-09-07,151,412,1,SEP,2015
2015-09-08,127,378,1,SEP,2015
2015-09-09,185,403,1,SEP,2015
2015-09-10,137,426,1,SEP,2015
2015-09-12,142,471,1,SEP,2015
2015-09-14,153,444,1,SEP,2015
2015-09-15,152,383,1,SEP,2015
2015-09-16,228,600,1,SEP,2015
2015-09-17,213,448,1,SEP,2015
2015-09-18,140,350,1,SEP,2015
2015-09-19,110,432,1,SEP,2015
2015-09-21,149,376,1,SEP,2015
2015-09-22,179,451,1,SEP,2015
2015-09-23,183,394,1,SEP,2015
2015-09-26,161,466,1,SEP,2015
2015-09-27,409,657,1,SEP,2015
2015-09-29,124,340,1,SEP,2015
2015-09-30,104,312,1,SEP,2015
2015-10-01,209,466,1,OCT,2015
2015-10-02,126,346,1,OCT,2015
2015-10-05,41,164,1,OCT,2015
2015-10-07,212,492,4,OCT,2015
2015-10-08,185,532,5,OCT,2015
2015-10-09,783,1762,7,OCT,2015
2015-10-11,39,164,4,OCT,2015
2015-10-12,229,566,2,OCT,2015
2015-10-13,180,600,5,OCT,2015
2015-10-14,288,894,9,OCT,2015
2015-10-15,391,1045,6,OCT,2015
2015-10-20,136,418,1,OCT,2015
2015-10-21,83,238,1,OCT,2015
2015-10-22,249,871,3,OCT,2015
2015-10-23,157,431,1,OCT,2015
2015-10-24,317,592,1,OCT,2015
2015-10-25,111,238,1,OCT,2015
2015-10-26,209,436,1,OCT,2015
2015-10-27,203,670,2,OCT,2015
2015-10-28,631,2128,2,OCT,2015
2015-10-29,174,505,2,OCT,2015
2015-10-30,287,592,2,OCT,2015
2015-10-31,772,2080,7,OCT,2015
2015-11-01,360,766,1,NOV,2015
2015-11-02,301,714,3,NOV,2015
2015-11-03,243,800,2,NOV,2015
2015-11-04,174,386,1,NOV,2015
2015-11-05,67,287,1,NOV,2015
2015-11-06,65,217,1,NOV,2015
2015-11-07,89,266,6,NOV,2015
2015-11-08,223,696,3,NOV,2015
2015-11-09,164,451,2,NOV,2015
2015-11-10,121,415,1,NOV,2015
2015-11-11,167,497,1,NOV,2015
2015-11-12,47,155,1,NOV,2015
2015-11-13,115,368,1,NOV,2015
2015-11-16,123,462,1,NOV,2015
2015-11-19,135,504,1,NOV,2015
2015-11-20,179,628,2,NOV,2015
2015-11-23,242,576,1,NOV,2015
2015-11-24,194,827,2,NOV,2015
2015-11-25,193,471,1,NOV,2015
2015-11-26,158,425,1,NOV,2015
2015-11-27,295,883,3,NOV,2015
2015-11-28,140,410,1,NOV,2015
2015-11-29,314,975,7,NOV,2015
2015-11-30,66,241,2,NOV,2015
2015-12-01,214,320,1,DEC,2015
2015-12-03,217,637,4,DEC,2015
2015-12-04,63,265,1,DEC,2015
2015-12-06,406,943,1,DEC,2015
2015-12-07,306,902,1,DEC,2015
2015-12-10,132,239,1,DEC,2015
2015-12-11,144,468,2,DEC,2015
2015-12-14,482,1211,2,DEC,2015
2015-12-15,337,802,2,DEC,2015
2015-12-16,154,591,2,DEC,2015
2015-12-17,560,927,2,DEC,2015
2015-12-18,252,486,1,DEC,2015
2015-12-19,149,426,2,DEC,2015
2015-12-20,303,713,1,DEC,2015
2015-12-21,293,590,1,DEC,2015
2015-12-22,417,1130,3,DEC,2015
2015-12-23,211,521,1,DEC,2015
2015-12-24,597,1704,7,DEC,2015
2015-12-25,462,1219,2,DEC,2015
2015-12-30,140,534,1,DEC,2015
2015-12-31,886,2192,3,DEC,2015
2016-01-01,643,1871,3,JAN,2016
2016-01-04,177,603,2,JAN,2016
2016-01-05,130,458,1,JAN,2016
2016-01-06,51,192,1,JAN,2016
2016-01-07,200,709,2,JAN,2016
2016-01-08,124,449,1,JAN,2016
2016-01-09,181,594,1,JAN,2016
2016-01-12,162,651,1,JAN,2016
2016-01-13,142,583,1,JAN,2016
2016-01-14,128,527,1,JAN,2016
2016-01-15,87,358,1,JAN,2016
2016-01-16,130,549,1,JAN,2016
2016-01-17,174,692,1,JAN,2016
2016-01-18,127,546,1,JAN,2016
2016-01-19,122,535,1,JAN,2016
2016-01-20,124,480,2,JAN,2016
2016-01-22,368,1320,3,JAN,2016
2016-01-24,121,496,1,JAN,2016
2016-01-25,112,509,1,JAN,2016
2016-01-26,158,589,1,JAN,2016
2016-01-27,235,760,4,JAN,2016
2016-01-28,149,490,1,JAN,2016
2016-01-29,172,612,1,JAN,2016
2016-02-01,112,452,1,FEB,2016
2016-02-02,107,386,1,FEB,2016
2016-02-03,80,318,1,FEB,2016
2016-02-04,282,827,2,FEB,2016
2016-02-05,198,629,2,FEB,2016
2016-02-06,111,358,1,FEB,2016
2016-02-07,911,2476,6,FEB,2016
2016-02-08,86,348,3,FEB,2016
2016-02-10,88,307,1,FEB,2016
2016-02-12,247,590,3,FEB,2016
2016-02-13,161,373,1,FEB,2016
2016-02-14,535,1450,3,FEB,2016
2016-02-15,232,606,1,FEB,2016
2016-02-16,130,425,1,FEB,2016
2016-02-17,84,293,1,FEB,2016
2016-02-18,158,546,1,FEB,2016
2016-02-19,147,549,1,FEB,2016
2016-02-23,135,518,1,FEB,2016
2016-02-24,140,440,1,FEB,2016
2016-02-25,233,610,1,FEB,2016
2016-02-26,145,531,1,FEB,2016
2016-02-28,231,610,1,FEB,2016
2016-02-29,164,565,1,FEB,2016
2016-03-01,248,578,1,MAR,2016
2016-03-02,131,399,1,MAR,2016
2016-03-03,491,1033,1,MAR,2016
2016-03-04,76,309,1,MAR,2016
2016-03-06,138,515,1,MAR,2016
2016-03-07,136,460,1,MAR,2016
2016-03-08,61,217,4,MAR,2016
2016-03-09,53,206,3,MAR,2016
2016-03-11,6,24,6,MAR,2016
2016-03-12,88,288,2,MAR,2016
2016-03-13,98,450,2,MAR,2016
2016-03-14,46,219,1,MAR,2016
2016-03-17,401,1124,2,MAR,2016
2016-03-18,164,623,1,MAR,2016
2016-03-21,137,575,1,MAR,2016
2016-03-22,156,604,1,MAR,2016
2016-03-23,165,699,1,MAR,2016
2016-03-24,153,508,1,MAR,2016
2016-03-25,150,533,1,MAR,2016
2016-03-26,152,594,1,MAR,2016
2016-03-27,276,710,1,MAR,2016
2016-03-28,90,425,1,MAR,2016
2016-03-29,108,483,1,MAR,2016
2016-03-30,107,452,1,MAR,2016
2016-03-31,123,435,1,MAR,2016
2016-04-01,228,899,2,APR,2016
2016-04-02,114,511,1,APR,2016
2016-04-03,111,520,1,APR,2016
2016-04-04,1733,4586,7,APR,2016
2016-04-05,480,1576,3,APR,2016
2016-04-07,147,555,1,APR,2016
2016-04-08,203,711,1,APR,2016
2016-04-09,240,1285,1,APR,2016
2016-04-10,173,716,1,APR,2016
2016-04-11,155,639,1,APR,2016
2016-04-12,124,577,1,APR,2016
2016-04-13,160,600,1,APR,2016
2016-04-14,143,569,1,APR,2016
2016-04-15,142,622,1,APR,2016
2016-04-16,131,618,1,APR,2016
2016-04-17,129,594,1,APR,2016
2016-04-18,111,463,1,APR,2016
2016-04-19,132,481,1,APR,2016
2016-04-20,109,418,1,APR,2016
2016-04-22,113,386,1,APR,2016
2016-04-23,139,673,1,APR,2016
2016-04-24,133,593,1,APR,2016
2016-04-25,141,612,1,APR,2016
2016-04-26,153,559,1,APR,2016
2016-04-27,134,533,1,APR,2016
2016-04-28,177,554,1,APR,2016
2016-04-29,274,774,1,APR,2016
2016-05-01,201,703,1,MAY,2016
2016-05-03,58,291,1,MAY,2016
2016-05-04,363,743,1,MAY,2016
2016-05-05,301,1238,2,MAY,2016
2016-05-06,54,297,1,MAY,2016
2016-05-07,118,468,1,MAY,2016
2016-05-09,175,710,1,MAY,2016
2016-05-11,109,524,1,MAY,2016
2016-05-12,203,677,1,MAY,2016
2016-05-13,149,680,1,MAY,2016
2016-05-14,277,1248,2,MAY,2016
2016-05-15,156,624,1,MAY,2016
2016-05-17,178,703,1,MAY,2016
2016-05-18,98,369,1,MAY,2016
2016-05-19,132,544,1,MAY,2016
2016-05-20,203,817,1,MAY,2016
2016-05-23,119,502,1,MAY,2016
2016-05-24,128,530,1,MAY,2016
2016-05-25,151,738,1,MAY,2016
2016-05-26,170,655,1,MAY,2016
2016-05-27,114,517,1,MAY,2016
2016-05-28,186,706,1,MAY,2016
2016-05-30,196,715,1,MAY,2016
2016-05-31,113,514,1,MAY,2016
2016-06-01,168,696,2,JUN,2016
2016-06-02,152,620,1,JUN,2016
2016-06-06,101,385,1,JUN,2016
2016-06-07,131,468,2,JUN,2016
2016-06-08,127,595,1,JUN,2016
2016-06-09,155,711,1,JUN,2016
2016-06-10,75,317,1,JUN,2016
2016-06-17,163,626,1,JUN,2016
2016-06-18,144,617,1,JUN,2016
2016-06-20,255,882,2,JUN,2016
2016-06-21,332,1210,2,JUN,2016
2016-06-26,328,1210,2,JUN,2016
2016-06-27,175,609,1,JUN,2016
2016-06-29,161,578,1,JUN,2016
2016-07-01,133,533,1,JUL,2016
2016-07-02,165,626,1,JUL,2016
2016-07-03,561,1290,1,JUL,2016
2016-07-04,250,972,1,JUL,2016
2016-07-05,177,755,2,JUL,2016
2016-07-08,236,485,2,JUL,2016
2016-07-15,177,705,1,JUL,2016
2016-07-18,0,2,2,JUL,2016
2016-07-19,209,604,2,JUL,2016
2016-07-20,407,1240,2,JUL,2016
2016-07-21,486,1589,5,JUL,2016
2016-07-22,150,746,2,JUL,2016
2016-07-23,223,1081,8,JUL,2016
2016-07-24,2358,5393,5,JUL,2016
2016-07-25,634,1605,4,JUL,2016
2016-07-26,259,898,2,JUL,2016
2016-07-27,186,686,3,JUL,2016
2016-08-01,578,1939,2,AUG,2016
2016-08-02,42,250,1,AUG,2016
2016-08-04,116,483,1,AUG,2016
2016-08-08,307,1015,2,AUG,2016
2016-08-09,156,718,1,AUG,2016
2016-08-10,161,705,1,AUG,2016
2016-08-11,145,515,4,AUG,2016
2016-08-12,129,686,1,AUG,2016
2016-08-13,70,314,1,AUG,2016
2016-08-15,145,713,1,AUG,2016
2016-08-16,115,579,1,AUG,2016
2016-08-17,165,678,1,AUG,2016
2016-08-18,133,548,1,AUG,2016
2016-08-19,117,598,1,AUG,2016
2016-08-20,147,661,1,AUG,2016
2016-08-22,246,1020,1,AUG,2016
2016-08-23,118,348,1,AUG,2016
2016-08-25,165,803,1,AUG,2016
2016-08-26,296,1041,1,AUG,2016
2016-08-27,205,967,1,AUG,2016
2016-08-30,273,1157,2,AUG,2016
2016-08-31,180,670,1,AUG,2016
2016-09-01,102,535,1,SEP,2016
2016-09-02,267,825,1,SEP,2016
2016-09-03,178,934,1,SEP,2016
2016-09-04,193,834,1,SEP,2016
2016-09-05,168,726,1,SEP,2016
2016-09-06,134,667,1,SEP,2016
2016-09-08,143,730,1,SEP,2016
2016-09-09,172,774,1,SEP,2016
2016-09-10,131,686,1,SEP,2016
2016-09-12,171,690,3,SEP,2016
2016-09-13,201,731,1,SEP,2016
2016-09-14,178,681,1,SEP,2016
2016-09-16,137,662,1,SEP,2016
2016-09-17,184,743,1,SEP,2016
2016-09-18,170,643,1,SEP,2016
2016-09-19,156,631,1,SEP,2016
2016-09-21,140,616,1,SEP,2016
2016-09-23,113,581,2,SEP,2016
2016-09-25,226,919,1,SEP,2016
2016-09-26,707,1767,3,SEP,2016
2016-09-27,224,676,3,SEP,2016
2016-09-28,80,271,1,SEP,2016
2016-09-29,469,1349,2,SEP,2016
2016-09-30,336,1130,2,SEP,2016
2016-10-01,341,1240,2,OCT,2016
2016-10-02,40,269,1,OCT,2016
2016-10-04,227,752,1,OCT,2016
2016-10-07,394,1187,2,OCT,2016
2016-10-09,56,263,1,OCT,2016
2016-10-13,155,546,1,OCT,2016
2016-10-16,163,540,1,OCT,2016
2016-10-17,141,459,1,OCT,2016
2016-10-18,256,960,3,OCT,2016
2016-10-19,263,695,1,OCT,2016
2016-10-20,51,250,4,OCT,2016
2016-10-21,162,521,1,OCT,2016
2016-10-22,203,791,2,OCT,2016
2016-10-24,63,322,1,OCT,2016
2016-10-25,120,691,1,OCT,2016
2016-10-26,89,513,1,OCT,2016
2016-10-27,342,1290,2,OCT,2016
2016-10-28,151,703,3,OCT,2016
2016-10-29,1276,3131,1,OCT,2016
2016-10-30,96,501,1,OCT,2016
2016-10-31,617,1568,2,OCT,2016
2016-11-01,46,335,1,NOV,2016
2016-11-02,276,854,1,NOV,2016
2016-11-03,567,2382,2,NOV,2016
2016-11-04,229,1142,1,NOV,2016
2016-11-07,2540,6979,3,NOV,2016
2016-11-08,634,2071,4,NOV,2016
2016-11-10,88,590,1,NOV,2016
2016-11-11,152,730,1,NOV,2016
2016-11-13,117,647,1,NOV,2016
2016-11-14,55,248,1,NOV,2016
2016-11-15,236,1157,1,NOV,2016
2016-11-16,44,263,1,NOV,2016
2016-11-17,93,588,1,NOV,2016
2016-11-18,127,663,1,NOV,2016
2016-11-21,76,404,2,NOV,2016
2016-11-23,133,866,1,NOV,2016
2016-11-24,234,1064,1,NOV,2016
2016-11-25,134,753,4,NOV,2016
2016-11-26,196,834,1,NOV,2016
2016-11-28,147,616,2,NOV,2016
2016-11-29,277,1195,7,NOV,2016
2016-11-30,89,371,1,NOV,2016
2016-12-01,85,396,1,DEC,2016
2016-12-02,259,1139,9,DEC,2016
2016-12-03,157,635,2,DEC,2016
2016-12-04,391,1389,5,DEC,2016
2016-12-05,98,491,2,DEC,2016
2016-12-06,203,634,1,DEC,2016
2016-12-07,274,941,1,DEC,2016
2016-12-08,192,672,1,DEC,2016
2016-12-09,259,1108,2,DEC,2016
2016-12-10,225,825,2,DEC,2016
2016-12-11,40,158,2,DEC,2016
2016-12-12,247,1091,3,DEC,2016
2016-12-13,228,1010,2,DEC,2016
2016-12-15,51,330,1,DEC,2016
2016-12-16,147,633,2,DEC,2016
2016-12-17,140,566,1,DEC,2016
2016-12-19,102,508,1,DEC,2016
2016-12-20,213,713,1,DEC,2016
2016-12-21,122,624,2,DEC,2016
2016-12-22,167,607,2,DEC,2016
2016-12-23,121,464,1,DEC,2016
2016-12-24,272,1066,4,DEC,2016
2016-12-25,304,1130,2,DEC,2016
2016-12-31,145,663,1,DEC,2016
2017-01-01,349,1219,2,JAN,2017
2017-01-02,107,654,1,JAN,2017
2017-01-05,169,762,1,JAN,2017
2017-01-08,110,752,1,JAN,2017
2017-01-09,150,705,1,JAN,2017
2017-01-11,126,642,1,JAN,2017
2017-01-12,133,705,1,JAN,2017
2017-01-13,182,944,1,JAN,2017
2017-01-14,195,1036,1,JAN,2017
2017-01-15,180,975,1,JAN,2017
2017-01-17,53,259,1,JAN,2017
2017-01-23,217,1041,1,JAN,2017
2017-01-24,140,854,1,JAN,2017
2017-01-25,193,1040,1,JAN,2017
2017-01-26,205,966,1,JAN,2017
2017-01-27,246,1312,1,JAN,2017
2017-01-31,274,1452,3,JAN,2017
2017-02-01,178,1027,3,FEB,2017
2017-02-03,147,828,1,FEB,2017
2017-02-04,274,1473,1,FEB,2017
2017-02-05,425,1841,2,FEB,2017
2017-02-06,247,1544,1,FEB,2017
2017-02-08,172,999,1,FEB,2017
2017-02-09,34,183,1,FEB,2017
2017-02-10,212,1179,1,FEB,2017
2017-02-11,684,2714,1,FEB,2017
2017-02-12,58,278,1,FEB,2017
2017-02-13,202,952,1,FEB,2017
2017-02-14,82,464,1,FEB,2017
2017-02-15,180,923,1,FEB,2017
2017-02-17,454,1178,2,FEB,2017
2017-02-18,0,15,1,FEB,2017
2017-02-20,1185,5796,8,FEB,2017
2017-02-21,68,266,1,FEB,2017
2017-02-22,231,1108,1,FEB,2017
2017-02-24,64,618,2,FEB,2017
2017-02-25,196,1443,1,FEB,2017
2017-02-26,334,1489,1,FEB,2017
2017-02-27,138,812,1,FEB,2017
2017-03-01,181,977,1,MAR,2017
2017-03-03,186,1031,3,MAR,2017
2017-03-04,201,1298,1,MAR,2017
2017-03-07,172,1049,2,MAR,2017
2017-03-08,199,1241,1,MAR,2017
2017-03-09,76,392,1,MAR,2017
2017-03-10,96,467,1,MAR,2017
2017-03-11,166,1004,3,MAR,2017
2017-03-15,63,483,1,MAR,2017
2017-03-17,220,1155,1,MAR,2017
2017-03-19,171,1102,1,MAR,2017
2017-03-20,225,1242,1,MAR,2017
2017-03-21,166,1040,1,MAR,2017
2017-03-22,216,1292,1,MAR,2017
2017-03-23,376,1743,2,MAR,2017
2017-03-24,200,1191,1,MAR,2017
2017-03-25,171,1081,1,MAR,2017
2017-03-26,176,1061,1,MAR,2017
2017-03-27,136,936,1,MAR,2017
2017-03-29,114,903,1,MAR,2017
2017-03-30,184,1148,1,MAR,2017
2017-03-31,38,292,1,MAR,2017
2017-04-01,519,3698,3,APR,2017
2017-04-02,161,1075,1,APR,2017
2017-04-04,1109,4466,3,APR,2017
2017-04-07,191,981,1,APR,2017
2017-04-08,306,1544,1,APR,2017
2017-04-10,246,1055,1,APR,2017
2017-04-11,159,950,1,APR,2017
2017-04-12,57,394,3,APR,2017
2017-04-14,300,1303,1,APR,2017
2017-04-15,61,431,1,APR,2017
2017-04-16,356,1646,1,APR,2017
2017-04-18,270,1287,1,APR,2017
2017-04-21,227,1417,1,APR,2017
2017-04-23,184,1172,1,APR,2017
2017-04-24,158,947,1,APR,2017
2017-04-25,196,1357,1,APR,2017
2017-04-28,152,1100,1,APR,2017
2017-04-29,200,1355,1,APR,2017
2017-05-01,162,1059,1,MAY,2017
2017-05-02,184,1038,1,MAY,2017
2017-05-03,151,653,1,MAY,2017
2017-05-04,538,1499,1,MAY,2017
2017-05-05,203,1075,1,MAY,2017
2017-05-06,171,909,1,MAY,2017
2017-05-07,183,901,1,MAY,2017
2017-05-09,173,1171,1,MAY,2017
2017-05-10,235,1297,1,MAY,2017
2017-05-11,215,1230,1,MAY,2017
2017-05-12,312,2140,2,MAY,2017
2017-05-14,66,429,1,MAY,2017
2017-05-15,173,1282,1,MAY,2017
2017-05-17,184,1233,1,MAY,2017
2017-05-19,199,1265,1,MAY,2017
2017-05-21,195,1310,1,MAY,2017
2017-05-24,270,1812,1,MAY,2017
2017-05-26,194,1424,1,MAY,2017
2017-05-27,200,1339,1,MAY,2017
2017-05-28,146,961,1,MAY,2017
2017-05-29,240,1460,1,MAY,2017
2017-05-31,85,658,1,MAY,2017
2017-06-02,62,489,1,JUN,2017
2017-06-03,223,1562,1,JUN,2017
2017-06-04,274,1466,1,JUN,2017
2017-06-05,232,1528,1,JUN,2017
2017-06-06,230,1594,1,JUN,2017
2017-06-08,198,1392,1,JUN,2017
2017-06-09,100,692,2,JUN,2017
2017-06-10,200,1409,2,JUN,2017
2017-06-13,303,1881,1,JUN,2017
2017-06-15,213,1516,1,JUN,2017
2017-06-16,210,1458,1,JUN,2017
2017-06-17,50,430,1,JUN,2017
2017-06-18,58,593,1,JUN,2017
2017-06-20,370,2496,2,JUN,2017
2017-06-21,59,473,1,JUN,2017
2017-06-22,323,2071,1,JUN,2017
2017-06-23,179,1218,1,JUN,2017
2017-06-24,155,1300,1,JUN,2017
2017-06-25,221,1564,1,JUN,2017
2017-06-28,208,1289,1,JUN,2017
2017-06-29,103,537,1,JUN,2017
2017-06-30,257,1497,1,JUN,2017
2017-07-01,188,1489,1,JUL,2017
2017-07-03,192,1314,1,JUL,2017
2017-07-04,536,2815,2,JUL,2017
2017-07-07,210,1480,1,JUL,2017
2017-07-08,132,940,1,JUL,2017
2017-07-11,217,1192,1,JUL,2017
2017-07-12,143,837,1,JUL,2017
2017-07-13,186,1372,1,JUL,2017
2017-07-14,258,1551,1,JUL,2017
2017-07-16,3067,10040,1,JUL,2017
2017-07-17,284,1278,2,JUL,2017
2017-07-18,327,2054,2,JUL,2017
2017-07-19,100,683,1,JUL,2017
2017-07-20,255,1100,1,JUL,2017
2017-07-21,119,563,1,JUL,2017
2017-07-22,104,581,1,JUL,2017
2017-07-24,82,547,1,JUL,2017
2017-07-25,209,1420,1,JUL,2017
2017-07-27,166,826,1,JUL,2017
2017-07-28,83,697,1,JUL,2017
2017-07-29,131,749,7,JUL,2017
2017-07-30,71,465,1,JUL,2017
2017-07-31,6,8,2,JUL,2017
2017-08-01,114,645,1,AUG,2017
2017-08-02,267,946,3,AUG,2017
2017-08-03,0,16,2,AUG,2017
2017-08-04,213,1374,1,AUG,2017
2017-08-06,64,410,2,AUG,2017
2017-08-08,2760,2809,1,AUG,2017
2017-08-09,207,1380,1,AUG,2017
2017-08-10,216,1310,2,AUG,2017
2017-08-11,149,949,1,AUG,2017
2017-08-15,442,1426,1,AUG,2017
2017-08-16,59,346,1,AUG,2017
2017-08-18,234,1558,1,AUG,2017
2017-08-19,204,1458,1,AUG,2017
2017-08-21,520,1840,1,AUG,2017
2017-08-23,70,367,2,AUG,2017
2017-08-24,239,1512,2,AUG,2017
2017-08-26,286,1709,1,AUG,2017
2017-08-31,279,992,1,AUG,2017
2017-09-01,62,473,1,SEP,2017
2017-09-03,281,1913,1,SEP,2017
2017-09-06,76,406,1,SEP,2017
2017-09-08,142,586,1,SEP,2017
2017-09-09,228,1798,1,SEP,2017
2017-09-13,303,1819,1,SEP,2017
2017-09-15,206,1557,1,SEP,2017
2017-09-16,136,813,1,SEP,2017
2017-09-18,304,1740,1,SEP,2017
2017-09-20,299,1774,1,SEP,2017
2017-09-22,79,391,1,SEP,2017
2017-09-25,93,387,1,SEP,2017
2017-09-26,335,1412,2,SEP,2017
2017-09-27,88,460,1,SEP,2017
2017-09-29,240,1643,2,SEP,2017
2017-09-30,4,25,1,SEP,2017
2017-10-01,354,1868,1,OCT,2017
2017-10-04,50,312,1,OCT,2017
2017-10-05,72,346,1,OCT,2017
2017-10-07,309,1940,1,OCT,2017
2017-10-10,408,1894,1,OCT,2017
2017-10-12,202,1456,1,OCT,2017
2017-10-13,48,209,1,OCT,2017
2017-10-14,243,1556,1,OCT,2017
2017-10-19,62,414,1,OCT,2017
2017-10-20,210,1417,1,OCT,2017
2017-10-21,41,210,1,OCT,2017
2017-10-23,55,343,1,OCT,2017
2017-10-24,60,358,1,OCT,2017
2017-10-25,199,1288,1,OCT,2017
2017-10-26,260,1571,1,OCT,2017
2017-10-27,98,634,1,OCT,2017
2017-10-28,33,250,1,OCT,2017
2017-10-29,466,2231,2,OCT,2017
2017-10-31,3052,4805,4,OCT,2017
2017-11-01,267,1974,1,NOV,2017
2017-11-05,161,1216,1,NOV,2017
2017-11-08,46,334,1,NOV,2017
2017-11-10,639,2754,2,NOV,2017
2017-11-13,59,458,1,NOV,2017
2017-11-14,149,1023,1,NOV,2017
2017-11-16,71,374,1,NOV,2017
2017-11-17,127,846,1,NOV,2017
2017-11-19,233,1463,1,NOV,2017
2017-11-20,203,1463,1,NOV,2017
2017-11-21,291,1571,2,NOV,2017
2017-11-22,92,537,2,NOV,2017
2017-11-23,166,927,2,NOV,2017
2017-11-24,48,266,3,NOV,2017
2017-11-26,238,1321,1,NOV,2017
2017-11-27,60,373,2,NOV,2017
2017-11-28,71,665,5,NOV,2017
2017-11-29,177,1088,1,NOV,2017
2017-11-30,51,370,1,NOV,2017
2017-12-01,254,986,1,DEC,2017
2017-12-02,509,1883,2,DEC,2017
2017-12-03,374,1571,2,DEC,2017
2017-12-04,57,399,1,DEC,2017
2017-12-05,2,31,1,DEC,2017
2017-12-06,319,1483,4,DEC,2017
2017-12-07,85,472,4,DEC,2017
2017-12-08,284,1273,3,DEC,2017
2017-12-09,190,986,2,DEC,2017
2017-12-11,239,1353,1,DEC,2017
2017-12-12,0,1,1,DEC,2017
2017-12-13,83,426,2,DEC,2017
2017-12-14,490,2089,2,DEC,2017
2017-12-15,73,354,1,DEC,2017
2017-12-18,183,900,2,DEC,2017
2017-12-19,41,254,1,DEC,2017
2017-12-20,271,1318,2,DEC,2017
2017-12-21,187,1109,2,DEC,2017
2017-12-22,174,943,1,DEC,2017
2017-12-23,86,445,1,DEC,2017
2017-12-24,341,1269,3,DEC,2017
2017-12-25,745,3388,5,DEC,2017
2017-12-30,193,1038,1,DEC,2017
2018-01-01,2166,1851,1,JAN,2018
2018-01-02,211,1130,3,JAN,2018
2018-01-04,2050,1171,1,JAN,2018
2018-01-05,1879,818,1,JAN,2018
2018-01-11,209,1281,1,JAN,2018
2018-01-12,155,805,1,JAN,2018
2018-01-15,202,1286,1,JAN,2018
2018-01-20,220,1511,1,JAN,2018
2018-01-24,171,1363,1,JAN,2018
2018-01-25,115,519,1,JAN,2018
2018-01-26,274,1604,2,JAN,2018
2018-01-27,233,1552,1,JAN,2018
2018-01-29,184,1223,1,JAN,2018
2018-02-01,252,1507,1,FEB,2018
2018-02-03,201,1089,1,FEB,2018
2018-02-04,365,1638,1,FEB,2018
2018-02-07,163,1041,1,FEB,2018
2018-02-09,101,561,1,FEB,2018
2018-02-10,175,1171,1,FEB,2018
2018-02-12,96,572,1,FEB,2018
2018-02-13,267,1253,2,FEB,2018
2018-02-14,861,2816,2,FEB,2018
2018-02-17,311,1976,1,FEB,2018
2018-02-19,280,1592,1,FEB,2018
2018-02-21,254,1267,1,FEB,2018
2018-02-22,322,2051,1,FEB,2018
2018-02-23,162,916,1,FEB,2018
2018-02-24,253,1826,1,FEB,2018
2018-02-28,202,1446,1,FEB,2018
2018-03-01,108,610,1,MAR,2018
2018-03-03,256,1760,1,MAR,2018
2018-03-04,521,2976,2,MAR,2018
2018-03-09,243,1530,1,MAR,2018
2018-03-10,251,1821,1,MAR,2018
2018-03-13,239,1323,1,MAR,2018
2018-03-16,314,930,1,MAR,2018
2018-03-17,592,2925,1,MAR,2018
2018-03-19,172,1318,1,MAR,2018
2018-03-20,249,1449,1,MAR,2018
2018-03-23,109,625,1,MAR,2018
2018-03-26,232,1038,1,MAR,2018
2018-03-29,86,575,1,MAR,2018
2018-03-30,184,1299,1,MAR,2018
2018-03-31,339,1781,1,MAR,2018
2018-04-01,312,1710,1,APR,2018
2018-04-03,119,684,1,APR,2018
2018-04-04,271,1520,4,APR,2018
2018-04-10,505,2775,1,APR,2018
2018-04-11,257,1549,1,APR,2018
2018-04-12,1,20,2,APR,2018
2018-04-15,213,1482,1,APR,2018
2018-04-18,74,307,1,APR,2018
2018-04-19,198,1300,1,APR,2018
2018-04-21,392,1821,1,APR,2018
2018-04-24,406,2114,1,APR,2018
2018-04-26,80,348,1,APR,2018
2018-04-28,386,2741,1,APR,2018
2018-04-29,244,1597,1,APR,2018
2018-05-04,322,1767,1,MAY,2018
2018-05-07,298,1809,1,MAY,2018
2018-05-09,292,1542,1,MAY,2018
2018-05-15,284,1779,1,MAY,2018
2018-05-17,64,308,2,MAY,2018
2018-05-20,21,130,1,MAY,2018
2018-05-22,204,1220,1,MAY,2018
2018-05-31,61,374,1,MAY,2018
2018-06-04,253,1604,1,JUN,2018
2018-06-09,230,1368,1,JUN,2018
2018-06-12,32,205,1,JUN,2018
2018-06-13,21,173,2,JUN,2018
2018-06-16,390,2618,1,JUN,2018
2018-06-20,81,409,3,JUN,2018
2018-06-21,331,2157,3,JUN,2018
2018-06-23,253,1826,2,JUN,2018
2018-06-26,159,998,1,JUN,2018
2018-06-29,248,1560,1,JUN,2018
2018-07-03,189,1279,1,JUL,2018
2018-07-04,537,2596,2,JUL,2018
2018-07-05,235,1669,1,JUL,2018
2018-07-08,282,1696,1,JUL,2018
2018-07-09,212,1465,1,JUL,2018
2018-07-10,47,248,1,JUL,2018
2018-07-11,231,1532,1,JUL,2018
2018-07-13,282,1909,1,JUL,2018
2018-07-17,356,2241,1,JUL,2018
2018-07-19,227,1623,1,JUL,2018
2018-07-21,725,3829,2,JUL,2018
2018-07-25,201,1015,1,JUL,2018
2018-07-27,304,1972,1,JUL,2018
2018-08-01,46,286,1,AUG,2018
2018-08-02,328,2269,1,AUG,2018
2018-08-05,250,1644,1,AUG,2018
2018-08-06,361,2067,1,AUG,2018
2018-08-08,162,888,3,AUG,2018
2018-08-10,76,474,3,AUG,2018
2018-08-11,135,1009,3,AUG,2018
2018-08-15,233,1432,1,AUG,2018
2018-08-17,128,858,1,AUG,2018
2018-08-18,165,1326,1,AUG,2018
2018-08-23,218,1676,1,AUG,2018
2018-08-24,42,275,1,AUG,2018
2018-08-27,285,1922,2,AUG,2018
2018-08-31,309,1942,1,AUG,2018
2018-09-04,347,1861,1,SEP,2018
2018-09-10,364,2067,1,SEP,2018
2018-09-13,57,319,1,SEP,2018
2018-09-21,147,1114,5,SEP,2018
2018-09-28,384,2589,1,SEP,2018
2018-10-01,363,1478,2,OCT,2018
2018-10-16,207,1033,1,OCT,2018
2018-10-17,249,1114,1,OCT,2018
2018-10-18,88,314,1,OCT,2018
2018-10-22,91,463,2,OCT,2018
2018-10-23,60,263,1,OCT,2018
2018-10-28,283,1445,1,OCT,2018
2018-10-29,257,1270,1,OCT,2018
2018-10-30,199,944,1,OCT,2018
2018-10-31,795,4916,3,OCT,2018
2018-11-01,35,230,1,NOV,2018
2018-11-02,51,238,1,NOV,2018
2018-11-03,32,190,1,NOV,2018
2018-11-07,96,437,1,NOV,2018
2018-11-08,185,772,1,NOV,2018
2018-11-10,280,2121,1,NOV,2018
2018-11-12,1264,5087,1,NOV,2018
2018-11-17,241,1694,1,NOV,2018
2018-11-19,75,439,1,NOV,2018
2018-11-21,136,690,1,NOV,2018
2018-11-22,477,2517,3,NOV,2018
2018-11-25,132,938,1,NOV,2018
2018-11-26,27,204,1,NOV,2018
2018-11-27,41,259,1,NOV,2018
2018-11-29,149,621,4,NOV,2018
2018-11-30,182,1026,1,NOV,2018
2018-12-01,246,1050,1,DEC,2018
2018-12-03,38,155,1,DEC,2018
2018-12-06,22,118,1,DEC,2018
2018-12-07,29,205,1,DEC,2018
2018-12-10,38,210,1,DEC,2018
2018-12-11,149,780,2,DEC,2018
2018-12-12,24,115,1,DEC,2018
2018-12-13,28,147,1,DEC,2018
2018-12-14,23,94,1,DEC,2018
2018-12-17,65,347,4,DEC,2018
2018-12-18,42,156,1,DEC,2018
2018-12-19,399,1982,1,DEC,2018
2018-12-20,45,320,2,DEC,2018
2018-12-21,2,8,1,DEC,2018
2018-12-22,119,619,1,DEC,2018
2018-12-23,190,1287,1,DEC,2018
2018-12-24,267,1621,2,DEC,2018
2018-12-25,831,4475,5,DEC,2018
2018-12-31,412,2606,2,DEC,2018
2019-01-01,42,282,1,JAN,2019
2019-01-03,210,1279,1,JAN,2019
2019-01-06,226,1472,1,JAN,2019
2019-01-15,240,1599,1,JAN,2019
2019-01-22,219,1373,1,JAN,2019
2019-01-28,350,1601,1,JAN,2019
2019-02-02,261,1949,1,FEB,2019
2019-02-03,473,2407,1,FEB,2019
2019-02-15,619,2502,2,FEB,2019
2019-02-16,115,451,1,FEB,2019
2019-02-19,109,746,1,FEB,2019
2019-02-23,427,3042,1,FEB,2019
2019-03-04,210,1619,1,MAR,2019
2019-03-05,2,27,1,MAR,2019
2019-03-06,184,1276,1,MAR,2019
2019-03-14,215,1343,1,MAR,2019
2019-03-19,227,1670,1,MAR,2019
2019-03-20,232,1198,1,MAR,2019
2019-03-21,85,555,1,MAR,2019
2019-03-25,192,1213,1,MAR,2019
2019-03-29,224,1602,1,MAR,2019
2019-04-03,191,1462,1,APR,2019
2019-04-04,972,5988,6,APR,2019
2019-04-05,252,2156,1,APR,2019
2019-04-08,300,1906,1,APR,2019
2019-04-09,69,685,1,APR,2019
2019-04-10,565,4371,1,APR,2019
2019-04-13,461,3200,1,APR,2019
2019-04-14,589,3198,1,APR,2019
2019-04-21,539,4094,1,APR,2019
2019-05-02,397,4146,1,MAY,2019
2019-05-04,758,6777,1,MAY,2019
2019-05-09,547,6775,1,MAY,2019
2019-05-17,138904,475322,1,MAY,2019
2019-05-21,2117,13386,1,MAY,2019
2019-06-14,1072,10204,1,JUN,2019
2019-06-20,702,7323,2,JUN,2019
2019-06-28,672,7445,1,JUN,2019
2019-07-22,910,8505,1,JUL,2019
2019-08-06,292,2031,1,AUG,2019
2019-08-08,471,4103,1,AUG,2019
2019-08-14,4,19,1,AUG,2019
2019-08-19,49,337,1,AUG,2019
2019-08-20,475,4528,2,AUG,2019
2019-08-25,69,570,1,AUG,2019
2019-08-26,269,2420,1,AUG,2019
2019-08-30,264,1691,1,AUG,2019
2019-09-02,387,3667,1,SEP,2019
2019-09-14,354,3629,1,SEP,2019
2019-09-23,361,3501,1,SEP,2019
2019-09-30,288,2933,1,SEP,2019
2019-10-06,318,2997,1,OCT,2019
2019-10-16,76,630,1,OCT,2019
2019-10-23,273,2081,1,OCT,2019
2019-10-28,239,1857,2,OCT,2019
2019-10-29,277,2173,1,OCT,2019
2019-10-30,184,1411,2,OCT,2019
2019-10-31,324,2861,3,OCT,2019
2019-11-23,397,4009,1,NOV,2019
2019-11-27,280,2180,1,NOV,2019
2019-11-28,153,1196,2,NOV,2019
2019-11-29,114,1173,5,NOV,2019
2019-11-30,0,1,1,NOV,2019
2019-12-01,4,13,1,DEC,2019
2019-12-02,3556,16553,1,DEC,2019
2019-12-05,91,371,1,DEC,2019
2019-12-08,333,2499,1,DEC,2019
2019-12-11,66,288,1,DEC,2019
2019-12-12,75,495,1,DEC,2019
2019-12-13,193,1268,1,DEC,2019
2019-12-16,55,348,1,DEC,2019
2019-12-21,393,2866,1,DEC,2019
2019-12-24,188,1325,1,DEC,2019
2019-12-25,297,2135,2,DEC,2019
2020-01-07,230,2172,1,JAN,2020
2020-01-19,344,3278,1,JAN,2020
2020-01-24,534,2979,1,JAN,2020
2020-02-01,127,849,2,FEB,2020
2020-02-11,227,2601,1,FEB,2020
2020-02-14,530,2487,5,FEB,2020
2020-02-17,165,1397,1,FEB,2020
2020-02-19,326,2552,1,FEB,2020
2020-02-21,192,1928,1,FEB,2020
2020-02-28,293,2797,1,FEB,2020
2020-03-01,105,711,3,MAR,2020
2020-03-24,397,1829,1,MAR,2020
2020-03-30,266,2418,1,MAR,2020
2020-04-08,95,573,2,APR,2020
2020-04-11,221,1806,1,APR,2020
2020-04-12,354,2178,1,APR,2020
2020-04-18,258,2624,1,APR,2020
2020-04-20,204,1392,1,APR,2020
2020-04-29,290,2634,1,APR,2020
2020-05-04,347,2164,1,MAY,2020
2020-05-05,235,1928,1,MAY,2020
2020-05-11,284,2390,1,MAY,2020
2020-05-14,356,2299,1,MAY,2020
2020-06-13,331,2832,1,JUN,2020
2020-06-29,137,745,1,JUN,2020
2020-07-04,296,2835,1,JUL,2020
2020-07-08,103,468,1,JUL,2020
2020-07-09,295,2915,1,JUL,2020
2020-07-17,84,595,8,JUL,2020
2020-07-31,267,2730,1,JUL,2020
2020-08-04,232,2534,1,AUG,2020
2020-08-10,54,317,1,AUG,2020
2020-08-12,281,2675,1,AUG,2020
2020-08-18,279,2428,1,AUG,2020
2020-08-21,58,328,1,AUG,2020
2020-08-31,268,2336,1,AUG,2020
2020-09-01,56,263,1,SEP,2020
2020-09-02,81,570,1,SEP,2020
2020-09-12,46,232,1,SEP,2020
2020-09-13,23,122,1,SEP,2020
2020-09-15,14,93,1,SEP,2020
2020-09-16,18,95,1,SEP,2020
2020-09-18,12,124,1,SEP,2020
2020-09-19,12,96,1,SEP,2020
2020-09-23,10,84,1,SEP,2020
2020-09-26,15,115,1,SEP,2020
2020-09-29,18,100,1,SEP,2020
2020-10-01,373,2149,1,OCT,2020
2020-10-05,210,1744,1,OCT,2020
2020-10-10,20,141,1,OCT,2020
2020-10-11,17,88,1,OCT,2020
2020-10-12,152,1038,1,OCT,2020
2020-10-14,69,378,1,OCT,2020
2020-10-16,15,98,1,OCT,2020
2020-10-18,18,105,1,OCT,2020
2020-10-20,21,121,1,OCT,2020
2020-10-21,32,253,1,OCT,2020
2020-10-22,107,926,1,OCT,2020
2020-10-24,10,107,1,OCT,2020
2020-10-27,166,1658,1,OCT,2020
2020-10-29,457,3364,4,OCT,2020
2020-10-30,214,1858,2,OCT,2020
2020-10-31,216,1966,2,OCT,2020
2020-11-12,44,317,1,NOV,2020
2020-11-17,157,1688,1,NOV,2020
2020-11-19,86,915,1,NOV,2020
2020-11-20,109,1260,1,NOV,2020
2020-11-23,12,73,1,NOV,2020
2020-11-24,18,121,1,NOV,2020
2020-11-25,77,682,2,NOV,2020
2020-11-26,454,4648,3,NOV,2020
2020-11-27,15,112,1,NOV,2020
